{"cameraMode":{"drawMode":0,"name":"Shaded","section":"Shading Mode"},"sceneLighting":true,"audioPlay":false,"sceneViewState":{"m_AlwaysRefresh":false,"showFog":true,"showSkybox":true,"showFlares":true,"showImageEffects":true,"showParticleSystems":true,"showVisualEffectGraphs":true,"m_FxEnabled":true},"in2DMode":false,"pivot":{"x":0.09999999403953552,"y":0.8500000238418579,"z":-4.230000019073486},"rotation":{"x":0.11197797954082489,"y":-0.42891719937324526,"z":0.05367761850357056,"w":0.8947697281837463},"size":0.6357634663581848,"orthographic":false}